"Inner_Iter",    "Time(sec)"   ,    "rms[Rho]"    ,       "CD"       ,       "CL"       ,       "CMz"      
           0,       0.059808136,      -4.285537989,       1.131327849,        1.06301728,      0.2787928229
           1,      0.0619354495,      -4.513831628,      0.6418589325,       0.628454929,      0.1622497004
           2,     0.06325156033,      -4.705547919,       0.519892549,      0.5671749601,      0.1369645917
           3,     0.06327790525,      -4.596025253,      0.4054542168,      0.5125217425,      0.1060564351
           4,      0.0633013472,      -4.506317076,      0.2919695061,      0.4287135062,     0.05644848102
           5,     0.06366457433,      -4.440032149,      0.2038962806,      0.3618134501,     0.00673041827
           6,     0.06395557443,       -4.40216892,      0.1162534431,      0.3175630654,    -0.03206127515
           7,       0.063921958,      -4.397558785,     0.03592203541,      0.3007891364,    -0.05366764118
           8,     0.06377980578,      -4.392865371,    -0.02054346175,      0.3138505708,    -0.05606567093
           9,      0.0642124636,      -4.370458045,    -0.05502801635,      0.3587253354,    -0.03921484309
          10,     0.06429920364,      -4.361841395,    -0.08159265536,       0.428837918,   -0.008386441491
          11,     0.06447494892,       -4.38566979,     -0.1040460786,      0.5136261014,     0.02744426601
          12,     0.06493506131,       -4.42783227,     -0.1124900836,      0.6013764148,     0.05843078047
          13,       0.065230446,      -4.464407373,     -0.1008896166,      0.6679294862,      0.0730319581
